#,Song,Artist,Popularity,BPM,Genres,Album,Album Date,Time,Dance,Energy,Acoustic,Instrumental,Happy,Speech,Live,Loud (Db),Key,Time Signature,Added At,Spotify Track Id,Album Label,Camelot,ISRC
1,"Somebody to Love","Jefferson Airplane",67,132,"rock psihedelic, acid rock","Surrealistic Pillow",1967-00-00,02:54,50,58,41,0,65,0,30,-9,E Major,4,2023-02-14,4uGIJG1jYFonGc4LGp5uQL,"undefined",12B,USRC10301008
2,"This Is The Life","Amy Macdonald",72,95,"","This Is The Life (eDeluxe)",2007-01-01,03:04,63,88,26,0,85,0,0,-5,C♯/D♭ Minor,4,2022-11-30,2T3jgoAMbBXiMMD8pSc6QL,"undefined",12A,GBUM70607840
3,"Back To Black","Amy Winehouse",68,123,"","Back To Black",2006-10-27,04:00,49,73,12,0,34,0,10,-3,A#/B♭ Major,4,2022-11-30,30FURVTCpbKyykjSEQzGkH,"undefined",6B,GBUM70604698
4,"The Lady In Red","Chris de Burgh",14,77,"soft rock","Into The Light",1986-01-01,04:16,55,29,33,0,49,0,0,-17,A#/B♭ Major,4,2022-11-30,1GeNWyZtCHbcp3ZWp8GTOO,"undefined",6B,GBAAM8600001
5,"Dancing With A Stranger (with Normani)","Sam Smith,Normani",68,103,"soft pop, ","Dancing With A Stranger (with Normani)",2019-01-11,02:51,74,52,45,0,35,0,20,-8,G#/A♭ Major,4,2023-01-04,6Qs4SXO9dwPj5GKvVOv8Ki,"undefined",4B,GBUM71807386
6,"Bongo Bong","Manu Chao",66,150,"muzică alternativă latină","Clandestino",1998-10-06,02:38,76,55,94,0,96,0,10,-10,A Minor,4,2023-02-17,00SmB7n85SKROGjybsyq5i,"undefined",8A,FRZ189800013
7,"What Is Love - 7  Mix","Haddaway",8,124,"eurodance","What Is Love (Remixes)",1993-03-22,04:30,68,77,2,1,74,0,20,-8,G Minor,4,2023-02-14,2ahnofp2LbBWDXcJbMaSTu,"undefined",6A,DEA410500401
8,"Total Eclipse of the Heart","Bonnie Tyler",76,130,"","The Very Best of Bonnie Tyler",2009-03-26,04:27,43,72,14,0,19,0,30,-6,G#/A♭ Major,4,2023-02-14,7wuJGgpTNzbUyn26IOY6rj,"undefined",4B,GBBBN8300002
9,"Bitter Sweet Symphony - Remastered 2016","The Verve",77,171,"britpop, shoegaze","Urban Hymns (Remastered 2016)",1997-09-29,05:57,36,92,3,0,52,0,40,-6,A Major,4,2022-11-30,57iDDD9N9tTWe75x6qhStw,"undefined",11B,GBUM71601816
10,"Little Talks","Of Monsters and Men",75,103,"pop folk, indie folk","My Head Is An Animal",2012-01-01,04:26,46,76,2,0,42,0,10,-5,C♯/D♭ Major,4,2022-11-30,2ihCaVdNZmnHZWt0fvAM7B,"undefined",3B,USUM71119106
11,"The Final Countdown","Europe",72,118,"glam metal","The Final Countdown (Expanded Edition)",1986-00-00,05:10,53,84,6,0,19,0,0,-7,F#/G♭ Minor,4,2022-11-30,3MrRksHupTVEQ7YbA0FsZK,"undefined",11A,USSM18600196
12,"Eye of the Tiger","Survivor",71,109,"","Rocky IV",1985-00-00,04:05,82,60,13,0,55,0,0,-9,C Minor,4,2023-01-04,2KH16WveTQWT6KOG9Rg6e2,"undefined",5A,USVR19600010
13,"Time After Time","Cyndi Lauper",75,130,"","She's So Unusual",1983-10-14,04:01,73,45,49,0,29,0,0,-9,C Major,4,2023-02-14,7o9uu2GDtVDr9nsR7ZRN73,"undefined",8B,USSM18300650
14,"Dani California","Red Hot Chili Peppers",73,96,"funk rock, rock alternativ, rock","Stadium Arcadium",2006-05-09,04:42,56,91,2,0,73,0,30,-2,C Major,4,2023-01-04,10Nmj3JCNoMeBQ87uw5j8k,"undefined",8B,USWB10600700
15,"By the Way","Red Hot Chili Peppers",71,122,"funk rock, rock alternativ, rock","By the Way (Deluxe Edition)",2002-07-09,03:36,45,97,3,0,20,10,10,-5,C Major,4,2022-11-30,1f2V8U1BiWaC9aJWmpOARe,"undefined",8B,USWB10201688
16,"Două Anotimpuri","DJ Project",0,130,"europop","Doua Anotimpuri",2007-07-06,03:16,68,88,3,0,62,0,30,-5,D Minor,4,2022-11-30,3tudgfZfgDzhUZTWkVzKW5,"undefined",7A,ROCMA0700960
17,"Something Just Like This","The Chainsmokers,Coldplay",83,103,"","Memories...Do Not Open",2017-04-07,04:07,62,64,5,0,45,0,10,-7,B Minor,4,2023-01-04,6RUKPb4LETWmmr3iAEQktW,"undefined",10A,USQX91700278
18,"Everybody Wants To Rule The World","Tears For Fears",82,112,"new wave, synthpop","Songs From The Big Chair (Super Deluxe Edition)",1985-02-25,04:11,65,80,35,0,54,0,10,-12,G Major,4,2022-11-30,4RvWPyQ5RL0ao9LPZeSouE,"undefined",9B,GBF088590110
19,"Total Eclipse of the Heart","Bonnie Tyler",0,131,"","Faster Than the Speed of Night",1983-10-03,06:58,44,51,35,0,20,0,10,-13,G#/A♭ Major,4,2022-11-30,7B8xku9v4BCvzZSlngmjmW,"undefined",4B,GBBBN8302012
20,"On Melancholy Hill","Gorillaz",76,120,"","Plastic Beach",2010-03-03,03:53,69,74,0,51,58,0,0,-6,D Major,4,2022-11-30,0q6LuUqGLUiCPP1cbdwFs3,"undefined",10B,GBAYE1000010
21,"Morirò da Re","Måneskin",59,194,"","Il ballo della vita",2018-10-26,02:37,61,88,12,0,93,10,0,-3,A#/B♭ Major,4,2022-11-30,1aX0Ki80LFzzhqxqRlqbAV,"undefined",6B,ITB001800090
22,"Down Under","Men At Work",72,107,"","Business As Usual",1981-11-09,03:42,74,46,13,2,89,0,0,-14,B Minor,4,2023-02-14,3ZZq9396zv8pcn5GYVhxUi,"undefined",10A,USSM18100411
23,"Reality","Lost Frequencies,Janieck",73,122,"house tropical, ","Less Is More",2016-10-21,02:39,72,70,2,0,60,0,0,-8,C♯/D♭ Minor,4,2023-01-04,1Mys1gf9SkMBAVGGxpkJ7d,"undefined",12A,NLF711502765
24,"You're My Heart, You're My Soul","Modern Talking",64,117,"disco din Italia, europop, eurodance","The First & Second Album (30th Anniversary Edition)",1985-00-00,05:34,85,54,6,6,79,0,10,-9,C♯/D♭ Minor,4,2023-01-04,0Zn63G0XTiqXwr1KSmARWz,"undefined",12A,DEC738500015
25,"I'd Do Anything For Love (But I Won't Do That)","Meat Loaf",53,104,"","Bat Out Of Hell II: Back Into Hell...",1993-00-00,12:01,40,56,47,0,36,0,10,-10,D Major,4,2023-02-14,4UrgDocbHywDZv2f3mBhCq,"undefined",10B,GBAAA9301399
26,"Hotel","DJ Project",0,128,"europop","In the Club",2009-07-05,03:48,61,64,23,0,37,0,20,-6,B Minor,4,2022-11-30,6MwIOEA5RaRQlxosvC60Bn,"undefined",10A,ROCMA0901534
27,"Coco Jamboo","Mr. President",69,100,"eurodance","We See The Same Sun",1996-05-17,03:38,83,84,8,0,97,0,10,-5,C♯/D♭ Minor,4,2023-02-14,5fRvePkRGdpn2nKacG7I6d,"undefined",12A,DEBS80500020
28,"Running Up That Hill (A Deal With God) - 2018 Remaster","Kate Bush",3,108,"art pop, pop baroc, art rock","Hounds of Love (2018 Remaster)",1985-09-16,05:00,63,53,66,0,14,0,0,-12,A#/B♭ Minor,4,2022-11-30,29d0nY7TzCoi22XBqDQkiP,"undefined",3A,GBAYE1800884
29,"Take on the World","You Me At Six",0,104,"punk pop","Night People",2017-01-06,04:31,55,53,17,0,12,0,10,-6,D Major,4,2022-11-30,036UzEmDiFdBup61c4a1qG,"undefined",10B,GB5KW1601602
30,"You Give Love A Bad Name","Bon Jovi",77,123,"glam metal, rock","Slippery When Wet",1986-08-16,03:42,54,96,7,0,81,0,30,-3,C Minor,4,2022-11-30,0rmGAIH9LNJewFw7nKzZnc,"undefined",5A,USPR39402224
31,"Do You Really Want To Hurt Me","Culture Club",62,101,"","Kissing To Be Clever",1982-09-01,04:22,74,38,8,0,42,0,10,-15,E Minor,4,2023-02-14,1I6q6nwNjNgik1Qe8Oi0Y7,"undefined",9A,GBAAA8200048
32,"THE LONELIEST","Måneskin",64,130,"","THE LONELIEST",2022-10-07,04:07,52,60,0,0,24,0,0,-5,D Major,4,2023-02-16,1Ame8XTX6QHY0l0ahqUhgv,"undefined",10B,ITB002200745
33,"Kiss Me","Dermot Kennedy",19,120,"","Sonder",2022-11-18,03:49,65,84,0,0,47,0,0,-2,C Minor,4,2023-01-07,7j1ZJAbcm4AMBf82jIrAH3,"undefined",5A,USUG12201963
34,"Follow Your Heart","Scorpions",53,154,"hard rock, glam metal, rock","Follow Your Heart",2017-11-10,04:05,35,66,4,0,20,0,10,-6,G Minor,4,2022-11-30,1EJZQ6uhrvl4JtoKn7RKFd,"undefined",6A,DEE861701938
35,"Ce-Ţi Cântă Dragostea","Roxen",39,117,"","Ce-Ţi Cântă Dragostea",2019-11-12,03:13,84,65,17,0,75,10,10,-6,B Major,4,2023-01-04,2SbIarT6RP85tisGUGzCud,"undefined",1B,ROGRA1900849
36,"Voyage voyage","Desireless",67,124,"","François",2001-01-02,04:26,61,91,25,1,84,0,30,-6,G#/A♭ Minor,4,2023-01-04,2d8D7uk3tbAThjRkdfrx9c,"undefined",1A,DEQ858600201
37,"Snow (Hey Oh)","Red Hot Chili Peppers",74,105,"funk rock, rock alternativ, rock","Stadium Arcadium",2006-05-09,05:34,43,90,12,0,60,0,10,-4,B Major,4,2022-11-30,2aibwv5hGXSgw7Yru8IYTO,"undefined",1B,USWB10601591
38,"Lacrimi De Înger","DJ Project",0,128,"europop","Lacrimi De Înger",2007-07-06,03:40,66,71,1,0,66,0,20,-6,C♯/D♭ Minor,4,2022-11-30,6LWi6ybcMBVu18CsB0s9FM,"undefined",12A,ROCMA0701106
39,"World's Smallest Violin","AJR",62,116,"","OK ORCHESTRA",2021-03-26,03:00,68,70,12,0,68,0,60,-7,F Major,4,2023-01-04,68EkhVWIeULhHxcbi1QhzK,"undefined",7B,QMRSZ2003324
40,"Otherside","Red Hot Chili Peppers",76,123,"funk rock, rock alternativ, rock","Californication (Deluxe Edition)",1999-06-08,04:15,46,80,0,0,51,0,0,-3,C Major,4,2022-11-30,64BbK9SFKH2jk86U3dGj2P,"undefined",8B,USWB19900693
41,"Enjoy the Silence","Depeche Mode",69,113,"new wave, synthpop, dark wave","The Singles 86-98",1998-09-28,04:15,66,84,20,0,75,0,0,-6,C Minor,4,2022-11-30,6WK9dVrRABMkUXFLNlgWFh,"undefined",5A,GBAJH9800146
42,"A Woman's Heart","Chris de Burgh",27,128,"soft rock","Quiet Revolution",1999-01-01,04:51,71,78,11,0,70,0,10,-6,B Minor,4,2023-02-14,2NutSBz5lz7eqa0kejq4ZZ,"undefined",10A,GBAAM9900021
43,"Creep","Radiohead",83,92,"art rock, rock alternativ","Pablo Honey",1993-02-22,03:58,52,43,1,0,10,0,10,-10,G Major,4,2022-11-30,70LcF31zb1H0PyJoS1Sx1r,"undefined",9B,GBAYE9200070
44,"Yellow","Coldplay",86,173,"","Parachutes",2000-07-10,04:26,43,66,0,0,28,0,20,-7,B Major,4,2023-01-04,3AJwUDP919kvQ9QcozQPxg,"undefined",1B,GBAYE0000267
45,"Are You With Me","Lost Frequencies",76,121,"house tropical","Less Is More",2016-10-21,02:18,76,61,26,0,39,0,10,-8,F Minor,4,2023-01-04,4255amV4enzl28KAn16rUO,"undefined",4A,NLF711403495
46,"Don't Speak","No Doubt",55,76,"","The Singles Collection",2003-01-01,04:22,51,75,25,0,55,0,10,-5,F Minor,4,2022-11-30,6JGQ98So2ik5GVI9ydQ2Yh,"undefined",4A,USIR19500279
47,"Another Day in Paradise - 2016 Remaster","Phil Collins",75,102,"soft rock","...But Seriously (Deluxe Edition)",1989-11-20,05:22,78,56,74,0,37,0,0,-7,D#/E♭ Minor,4,2023-01-04,1NCuYqMc8hKMb4cpNTcJbD,"undefined",2A,USRH11602150
48,"I Want to Know What Love Is - 1999 Remaster","Foreigner",79,81,"rock orientat pe albume, rock clasic","Agent Provocateur",1984-12-12,05:04,48,47,19,0,42,0,10,-10,F#/G♭ Major,4,2022-11-30,1JLn8RhQzHz3qDqsChcmBl,"undefined",2B,USAT29900662
49,"Dancing Queen","ABBA",79,101,"","Arrival",1976-00-00,03:50,54,87,36,0,75,0,70,-7,A Major,4,2022-11-30,0GjEhVFGZW8afUYGChu3Rr,"undefined",11B,SEAYD7601020
50,"Smooth (feat. Rob Thomas)","Santana,Rob Thomas",64,116,"","Supernatural (Remastered)",1999-06-15,04:54,61,92,16,0,96,0,30,-4,A Major,4,2022-11-30,0n2SEXB2qoRQg171q7XqeW,"undefined",11B,USAR19900033
51,"Renegades","X Ambassadors",72,90,"","VHS",2015-06-30,03:15,53,86,1,6,53,0,20,-6,D Major,4,2022-11-30,0fYVliAYKHuPmECRs1pbRf,"undefined",10B,USUM71502643
52,"The Drummer","Red Hot Chili Peppers",43,175,"funk rock, rock alternativ, rock","Return of the Dream Canteen",2022-10-14,03:22,54,89,1,2,78,0,10,-6,A Major,4,2023-01-04,5KnqauuLF6qyZA9RzfeKxG,"undefined",11B,USWB12201939
53,"We Will Rock You - Remastered 2011","Queen",73,81,"rock clasic, rock, glam rock","News Of The World (2011 Remaster)",1977-10-28,02:02,69,50,68,0,48,10,20,-7,D Major,4,2023-02-14,4pbJqGIASGPr0ZpGpnWkDn,"undefined",10B,GBUM71029618
54,"Blood in the Water","Joanna Jones as The Dame",1,119,"","Blood in the Water",2019-05-09,03:54,49,57,10,0,23,0,10,-10,C♯/D♭ Major,4,2022-11-30,3L8Cd1fOo3hVrxw0hfFy0k,"undefined",3B,TCAEF1971272
55,"Poison","Alice Cooper",67,119,"glam rock, hard rock, glam metal, proto-punk, rock clasic","Trash",1989-07-25,04:30,28,91,3,0,26,10,10,-6,D Minor,4,2022-11-30,5XcZRgJv3zMhTqCyESjQrF,"undefined",7A,USSM18900004
56,"Love Me Like There's No Tomorrow - Special Edition","Freddie Mercury",54,78,"","Mr Bad Guy (Special Edition)",2019-10-10,03:45,52,59,23,0,24,0,10,-6,D Major,4,2022-11-30,0otmxJEwq9JI1CidrcYEq4,"undefined",10B,GBUM71903064
57,"No One Like You","Scorpions",64,118,"hard rock, glam metal, rock","Blackout",1982-04-10,03:57,51,63,2,0,84,0,10,-10,A Minor,4,2022-11-30,26fZwf1ImE4aUJ4XaqOkUg,"undefined",8A,USMR18210006
58,"Radio Ga Ga - Remastered 2011","Queen",70,112,"rock clasic, rock, glam rock","The Works (2011 Remaster)",1984-02-27,05:48,74,50,18,0,66,0,10,-8,F Major,4,2023-02-14,1nQRg9q9uwALGzouOX5OyQ,"undefined",7B,GBUM71029623
59,"I Was Made For Lovin' You","KISS",78,128,"glam metal, glam rock, hard rock, rock, rock clasic","Dynasty",1979-03-23,04:31,77,85,21,0,87,0,0,-6,E Major,4,2022-11-30,07q0QVgO56EorrSGHC48y3,"undefined",12B,USPR39330175
60,"Clocks","Coldplay",79,131,"","A Rush of Blood to the Head",2002-08-27,05:07,58,75,60,1,26,0,10,-7,F Minor,4,2023-01-04,0BCPKOYdS2jbQ8iyB56Zns,"undefined",4A,GBAYE0200771
61,"Ophelia","The Lumineers",8,76,"pop folk, indie folk","Cleopatra",2016-04-08,02:40,66,57,61,0,57,0,0,-7,F Major,4,2023-01-04,5NORWMFC27ywGSZxi8uquP,"undefined",7B,USDMG1673802
62,"Mirrors","Justin Timberlake",77,77,"","The 20/20 Experience (Deluxe Version)",2013-03-15,08:04,57,51,23,0,51,0,0,-7,F Minor,4,2023-01-23,4rHZZAmHpZrA3iH5zx8frV,"undefined",4A,USRC11300059
63,"Truly Madly Deeply","Savage Garden",64,168,"","Savage Garden",1997-03-04,04:37,56,70,40,0,82,0,0,-9,C Major,4,2023-01-04,013AWvizllIUEC2FOBzOnh,"undefined",8B,USSM19700100
64,"I Don't Love You","My Chemical Romance",71,170,"emo, punk pop, emo pop","The Black Parade",2006-10-20,03:58,29,80,1,0,33,0,20,-4,C Major,4,2022-11-30,4RAOI1etsgbh5NP3T5R8rN,"undefined",8B,USRE10602907
65,"Hold the Line","TOTO",76,97,"soft rock","Toto",1978-10-10,03:55,47,90,1,6,81,0,10,-5,F#/G♭ Minor,4,2022-11-30,4aVuWgvD0X63hcOCnZtNFA,"undefined",11A,USSM17800444
66,"Nothing Else Matters","Metallica",76,142,"metal, thrash metal, rock, heavy metal, hard rock","Metallica",1991-08-12,06:28,55,36,5,0,16,0,0,-11,E Minor,3,2023-01-05,0nLiqZ6A27jJri2VCalIUs,"undefined",9A,GBF089190020
67,"Don't Cry (Original)","Guns N' Roses",0,125,"rock, glam metal, hard rock, rock clasic","Greatest Hits",2004-03-23,04:44,45,62,0,0,20,0,10,-8,B Major,4,2022-11-30,2ZDB65BSnM9zMEGr7IJn7o,"undefined",1B,USGF19141504
68,"Cold Cold Cold","Cage The Elephant",63,136,"rock modern","Tell Me I'm Pretty",2015-12-18,03:34,55,79,2,0,72,0,0,-6,F Major,4,2022-11-30,1Q3t9fWvHUXKsMmpD2XpUu,"undefined",7B,USRC11502825
69,"Me Gustas Tu","Manu Chao",75,176,"muzică alternativă latină","Próxima Estación: Esperanza",2001-06-01,03:59,66,74,66,49,91,0,20,-7,B Minor,4,2023-02-17,6b37xrsNCWYIUphFBazqD6,"undefined",10A,FR84R0000004
70,"Wind Of Change","Scorpions",76,152,"hard rock, glam metal, rock","Crazy World",1990-01-01,05:12,45,52,32,0,25,0,10,-10,C Major,4,2022-11-30,3ovjw5HZZv43SxTwApooCM,"undefined",8B,USPG19090037
71,"It's a Sin - 2018 Remaster","Pet Shop Boys",64,127,"synthpop, new wave","Actually: Further Listening 1987 - 1988 (2018 Remaster)",1987-09-07,04:59,54,86,21,0,28,0,20,-6,C Minor,4,2023-01-04,5fy4vfEtv6lzqLx2Mt7stF,"undefined",5A,GBAYE1700799
72,"Dream On","Aerosmith",23,161,"rock clasic, rock","Aerosmith",1973-01-05,04:26,31,43,39,0,22,0,30,-10,C♯/D♭ Major,4,2022-11-30,5MxNLUsfh7uzROypsoO5qe,"undefined",3B,USSM10011897
73,"Take Me To Church","Hozier",79,129,"","Hozier",2014-09-19,04:01,57,66,64,0,44,0,10,-5,E Minor,4,2022-11-30,3dYD57lRAUcMHufyqn9GcI,"undefined",9A,IEACJ1300031
74,"Fade Into You","Mazzy Star",79,157,"dream pop, shoegaze, slowcore","So Tonight That I Might See",1993-10-05,04:55,42,33,25,0,18,0,0,-14,A Major,3,2022-11-30,1LzNfuep1bnAUR9skqdHCK,"undefined",11B,USCA29300105
75,"I Will Survive","Gloria Gaynor",67,117,"disco","Love Tracks",1978-11-27,04:56,77,78,2,0,80,0,30,-10,A Minor,4,2022-11-30,7rIovIsXE6kMn629b7kDig,"undefined",8A,USUR10200634
76,"Like a Prayer","Madonna",71,111,"","Celebration (double disc version)",2009-09-18,05:42,63,84,26,0,26,0,10,-5,F Major,4,2022-11-30,1z3ugFmUKoCzGsI6jdY4Ci,"undefined",7B,USWB10903606
77,"Under the Bridge","Red Hot Chili Peppers",78,85,"funk rock, rock alternativ, rock","Blood Sugar Sex Magik (Deluxe Edition)",1991-09-24,04:24,56,35,6,0,46,0,10,-13,E Major,4,2022-11-30,3d9DChrdc6BOeFsbrZ3Is0,"undefined",12B,USWB19901576
78,"Wicked Game","Chris Isaak",76,112,"","Heart Shaped World",1989-06-13,04:49,66,30,68,1,36,0,0,-18,A Major,4,2022-11-30,7w5AOd6HrDIHewHfpABEss,"undefined",11B,USRE19900989
79,"Sacrifice","Elton John",71,113,"","Sleeping With The Past (Remastered with bonus tracks)",1989-08-29,05:04,76,42,2,0,49,0,0,-13,B Minor,4,2022-11-30,0e3yhVeNaTfKIWQRw9U9sY,"undefined",10A,GBALX8900001
80,"Backseat of Your Cadillac - Single Version","C.C. Catch",40,124,"disco din Italia, dance din Italia, europop, hi-nrg","The 80's Album",2005-10-31,03:21,70,71,5,0,97,0,20,-11,B Minor,4,2022-11-30,64fOldcEelbO4TN1lcpQcM,"undefined",10A,DEH820500223
81,"I Want To Break Free","Queen",66,109,"rock clasic, rock, glam rock","Bohemian Rhapsody (The Original Soundtrack)",2018-10-19,03:43,81,41,11,0,50,0,0,-9,E Major,4,2023-02-14,7iAqvWLgZzXvH38lA06QZg,"undefined",12B,GBUM71805978
82,"Black Summer","Red Hot Chili Peppers",51,106,"funk rock, rock alternativ, rock","Unlimited Love",2022-04-01,03:52,42,68,3,0,35,0,10,-5,C♯/D♭ Major,4,2022-11-30,2a5cbTg2UIi784t9E2wT35,"undefined",3B,USWB12105880
83,"Sweater Weather","The Neighbourhood",56,124,"","I'm Sorry...",2012-08-07,04:00,70,62,15,0,41,0,0,-5,G Minor,4,2023-01-04,4pGqFOfzvfe6avb9kbZicC,"undefined",6A,USSM11204647
84,"Take on Me","a-ha",80,84,"new wave, synthpop","Hunting High and Low",1985-06-01,03:45,57,90,2,0,88,0,0,-8,F#/G♭ Minor,4,2022-11-30,2WfaOiMkCvy7F5fcp2zZ8L,"undefined",11A,USWB19901214
85,"This Town","Niall Horan",75,112,"","Flicker (Deluxe)",2017-10-20,03:52,68,40,71,0,20,0,10,-8,A Major,4,2023-01-23,0qvzXomUDJVaUboy2wMfiS,"undefined",11B,USUG11601029
86,"Heartbreak Hotel","C.C. Catch",32,118,"disco din Italia, dance din Italia, europop, hi-nrg","The 80's Album",2005-10-31,03:35,70,89,15,0,61,0,30,-6,C Minor,3,2022-11-30,0fdpDbwj9snI4XyZdUCtsy,"undefined",5A,DEH820500234
87,"Sweet Dreams (Are Made of This) - 2005 Remaster","Eurythmics,Annie Lennox,Dave Stewart",79,125,"new wave, synthpop, ","Sweet Dreams (Are Made Of This)",1983-01-04,03:36,69,71,23,0,88,0,10,-7,C Minor,4,2022-11-30,1TfqLAPs4K3s2rJMoCokcS,"undefined",5A,GBARL0300589
88,"Geronimo's Cadillac","Modern Talking",58,110,"disco din Italia, europop, eurodance","In The Middle Of Nowhere",1986-00-00,03:18,69,79,43,0,72,0,40,-10,F Minor,4,2023-01-04,5burXYqqO8z0GEnltThZKw,"undefined",4A,DEC738600056
89,"Thought I'd Died And Gone To Heaven","Bryan Adams",0,174,"","Waking Up The Neighbours",1991-09-24,05:48,44,75,6,0,57,0,10,-8,E Major,4,2022-11-30,0LJKGUTtdzcLW9ZcUxkRXR,"undefined",12B,USAM19190004
90,"Bohemian Rhapsody - Remastered 2011","Queen",75,71,"rock clasic, rock, glam rock","A Night At The Opera (2011 Remaster)",1975-11-21,05:54,41,40,27,0,23,0,30,-10,C Minor,4,2022-11-30,4u7EnebtmKWzUH433cf5Qv,"undefined",5A,GBUM71029604
91,"Sex on Fire","Kings of Leon",79,153,"rock modern","Only By The Night",2008-09-23,03:23,54,91,0,1,37,0,10,-6,A Major,4,2022-11-30,0ntQJM78wzOLVeCUAW7Y45,"undefined",11B,USRC10800300
92,"Everybody Hurts","R.E.M.",70,94,"jangle pop, rock alternativ, rock","Automatic For The People",1992-10-05,05:20,47,32,62,2,17,0,10,-10,D Major,3,2022-11-30,6PypGyiu0Y2lCDBN1XZEnP,"undefined",10B,USWB19901548
93,"Lost on You","LP",12,174,"","Lost on You",2016-12-09,04:28,43,72,10,0,69,0,0,-6,F Minor,4,2022-11-30,3SqvR3HYLlCTYzbDXJ52OC,"undefined",4A,QMRSZ1501406
94,"Another Night","Real McCoy",57,126,"eurodance, europop","Another Night",1995-03-28,03:56,81,88,9,0,87,0,10,-8,G Major,4,2022-11-30,3pEuO9J2MTEmec8kUfYYvl,"undefined",9B,DEC739400378
95,"Prayer in C - Robin Schulz Radio Edit","Lilly Wood and The Prick,Robin Schulz",60,123,"house tropical","Prayer",2014-09-16,03:09,76,89,2,0,78,0,60,-5,A Minor,4,2022-11-30,0uVyZywUNOp6S0dU5r8TS8,"undefined",8A,DEA621400286
96,"Livin' On A Prayer","Bon Jovi",80,123,"glam metal, rock","Slippery When Wet",1986-08-16,04:09,53,89,8,0,79,0,20,-4,C Major,4,2023-01-04,37ZJ0p5Jm13JPevGcx4SkF,"undefined",8B,USPR38619998
97,"Daddy Issues","The Neighbourhood",81,85,"","Wiped Out!",2015-10-30,04:20,59,52,7,15,34,0,10,-9,A#/B♭ Major,4,2022-11-30,5E30LdtzQTGqRvNd7l6kG5,"undefined",6B,USSM11506747
98,"Brother Louie","Modern Talking",70,109,"disco din Italia, europop, eurodance","Ready For Romance",1986-00-00,03:42,78,84,40,2,83,0,10,-9,C Minor,4,2022-11-30,5zWZ9iNevP0397xB3jWV2z,"undefined",5A,DEC738600004
99,"Cherry Lips","Vanotek,Mikayla",34,96,"","Cherry Lips",2019-02-12,03:24,72,62,4,0,42,0,10,-6,A Minor,4,2022-11-30,6ZN5w4PipRom7jHTxxr1yG,"undefined",8A,ROGRA1900551
100,"(I Just) Died In Your Arms","Cutting Crew",59,125,"","The Best Of Cutting Crew",1993-01-01,04:38,63,73,1,0,50,0,0,-11,B Minor,4,2022-11-30,0YPXkQthLWrhNGoKTbwCJ8,"undefined",10A,GBAAA8600046
101,"Africa","TOTO",81,93,"soft rock","Toto IV",1982-04-08,04:55,67,37,26,0,73,0,0,-18,A Major,4,2022-11-30,2374M0fQpWi3dLnB54qaLX,"undefined",11B,USSM19801941
102,"Every Breath You Take","The Police",55,117,"","The Very Best Of Sting And The Police",2002-01-01,04:11,83,45,57,0,74,0,0,-10,C♯/D♭ Major,4,2022-11-30,4U3Ggqyv2XgnS1u82HOGQX,"undefined",3B,GBAAM8300001
103,"Gimme! Gimme! Gimme! (A Man After Midnight)","ABBA",76,120,"","Voulez-Vous",1979-00-00,04:52,75,49,2,1,54,0,10,-10,A#/B♭ Major,4,2022-11-30,3vkQ5DAB1qQMYO4Mr9zJN6,"undefined",6B,SEAYD7901120
104,"Losing My Religion","R.E.M.",80,126,"jangle pop, rock alternativ, rock","Out Of Time (25th Anniversary Edition)",1991-03-12,04:28,67,86,18,0,80,0,10,-5,A Minor,4,2022-11-30,31AOj9sFz2gM0O3hMARRBx,"undefined",8A,USC4R1605373
105,"Don't Dream It's Over","Crowded House",77,82,"","Crowded House",1986-01-01,03:56,44,42,1,0,55,0,0,-17,G#/A♭ Major,4,2023-02-14,7G7tgVYORlDuVprcYHuFJh,"undefined",4B,USCA28600048
106,"Sweet Child O' Mine","Guns N' Roses",22,125,"rock, glam metal, hard rock, rock clasic","Appetite For Destruction",1987-07-21,05:54,45,91,9,10,63,0,10,-8,F#/G♭ Major,4,2023-01-03,7o2CTH4ctstm8TNelqjb51,"undefined",2B,USGF18714809
107,"Wonderful Tonight","Eric Clapton",70,96,"blues, blues rock, rock clasic","Slowhand 35th Anniversary (Super Deluxe)",1977-11-01,03:45,57,21,65,13,49,0,10,-16,G Major,4,2022-11-30,6zC0mpGYwbNTpk9SKwh08f,"undefined",9B,NLF057790025
108,"Numai una","Talisman",30,125,"","Pentru ea",2001-01-01,03:54,61,70,3,0,39,0,0,-9,A Major,4,2022-11-30,0CZv6jhOuDoNdcXMpW1LNk,"undefined",11B,ROCRP0901350
109,"I Can Lose My Heart Tonight","C.C. Catch",36,124,"disco din Italia, dance din Italia, europop, hi-nrg","Greatest Hits",2018-10-05,03:50,65,90,28,0,94,0,30,-7,D Minor,4,2023-02-14,2D3ZjCv66e7zLlinQ0ziLB,"undefined",7A,DEC738800065
110,"Do I Wanna Know?","Arctic Monkeys",82,85,"indie, garage rock","AM",2013-09-09,04:32,55,53,19,0,41,0,20,-8,F Major,4,2023-01-04,5FVd6KXrgO9B3JPmC8OPst,"undefined",7B,GBCEL1300362
111,"Cheri Cheri Lady","Modern Talking",74,114,"disco din Italia, europop, eurodance","Let's Talk About Love",1985-00-00,03:46,68,62,46,1,85,0,30,-14,A#/B♭ Major,4,2022-11-30,2aEuA8PSqLa17Y4hKPj5rr,"undefined",6B,DEC738500001
112,"Melody","Lost Frequencies,James Blunt",56,120,"house tropical, ","Alive And Feeling Fine",2019-10-04,02:29,67,66,13,0,37,0,40,-8,C Major,4,2023-01-04,0CUxFIIT6vrDyBdGFC1ZbM,"undefined",8B,NLF711804296
113,"Self Control","Laura Branigan",71,107,"","Self Control",1984-00-00,04:06,81,69,22,0,78,0,10,-12,F#/G♭ Minor,4,2023-02-14,6JNJERZGJwDVgkmbohBw7u,"undefined",11A,USAT20903047
114,"Drive","R.E.M.",58,143,"jangle pop, rock alternativ, rock","Automatic For The People",1992-10-05,04:31,47,43,18,0,24,0,20,-12,G Major,4,2022-11-30,3geRffSf6eAruhg23RkpKV,"undefined",9B,USWB19901545
115,"505","Arctic Monkeys",82,140,"indie, garage rock","Favourite Worst Nightmare",2007-04-22,04:13,53,87,0,0,25,0,0,-6,C Major,4,2022-11-30,0BxE4FqsDD1Ot4YuBXwAPp,"undefined",8B,GBCEL0700074
116,"Zombie","The Cranberries",79,167,"","No Need To Argue (The Complete Sessions 1994-1995)",1994-10-03,05:06,31,65,2,1,31,0,30,-9,G Major,4,2023-01-03,7EZC6E7UjZe63f1jRmkWxt,"undefined",9B,USIR29400443
117,"Genie In a Bottle","Christina Aguilera",75,176,"","Christina Aguilera (Expanded Edition)",1999-00-00,03:37,63,80,21,0,91,10,10,-7,C♯/D♭ Major,4,2022-11-30,11mwFrKvLXCbcVGNxffGyP,"undefined",3B,USRC19900032
118,"I Wanna Be Yours","Arctic Monkeys",87,68,"indie, garage rock","AM",2013-09-09,03:03,46,42,14,2,48,0,10,-9,C Minor,4,2023-01-04,5XeFesFbtLpXzIVDNQP22n,"undefined",5A,GBCEL1300373
119,"Voulez-Vous","ABBA",67,127,"","Voulez-Vous",1979-00-00,05:09,71,77,15,0,90,0,10,-7,B Minor,4,2022-11-30,17OqI90oTFZ3J8PVu6j07V,"undefined",10A,SEAYD7901020
120,"November Rain","Guns N' Roses",76,80,"rock, glam metal, hard rock, rock clasic","Use Your Illusion I",1991-09-17,08:56,29,64,2,22,23,0,10,-9,B Major,4,2023-01-03,3YRCqOhFifThpSRFJ1VWFM,"undefined",1B,USGF19141510
121,"The Show Must Go On","Queen",57,84,"rock clasic, rock, glam rock","Bohemian Rhapsody (The Original Soundtrack)",2018-10-19,04:31,43,68,43,0,7,0,10,-7,B Minor,4,2022-11-30,5WZDLZVCvY1rEyNir6k8Pg,"undefined",10A,GBUM71106221
122,"Sarà perché ti amo","Ricchi E Poveri",65,120,"dance din Italia, disco din Italia","The Collection",1998-00-00,03:10,84,75,12,0,96,0,0,-8,E Major,4,2023-03-28,7037bX3jdaUWUAXL12CHGy,"undefined",12B,USBI10000112
123,"Have You Ever Seen The Rain","Creedence Clearwater Revival",80,116,"rock clasic, rock din sud, country rock","Pendulum (Expanded Edition)",1970-12-07,02:40,74,70,7,0,77,0,10,-7,C Major,4,2023-04-03,2LawezPeJhN4AWuSB0GtAU,"undefined",8B,USC4R0817643
124,"I Follow Rivers","Lykke Li,The Magician",48,122,"","All 10s Hits",2021-03-26,04:39,79,70,2,0,30,0,0,-6,A Minor,4,2023-04-05,5buaEVRCGzrhj3ld9iRrZj,"undefined",8A,SEVUM1100103
125,"Imagination","Gorgon City,Katy Menditta",46,122,"house, ","Sirens (Deluxe)",2014-01-01,03:37,68,70,3,0,40,0,30,-8,C Minor,4,2023-04-05,4QVUWECCW3WPs4jZOYOYTQ,"undefined",5A,GBUM71404031
126,"Love Is Gone","Vanotek",32,100,"","Love Is Gone",2018-10-11,03:36,51,82,15,0,34,0,0,-5,G Minor,4,2023-04-05,78ryR7A7KA4VkBn9lNe5dK,"undefined",6A,FR96X1843629
127,"Starships","Nicki Minaj",73,125,"","Pink Friday: Roman Reloaded The Re-Up (Explicit Version)",2012-01-01,03:30,75,72,14,0,75,0,20,-2,B Minor,4,2023-04-05,2EBCVPNAG46nbgs6jXPGvv,"undefined",10A,USCM51200060
128,"California Gurls","Katy Perry,Snoop Dogg",62,125,"pop, g-funk, rap de pe Coasta de Vest, gangster rap, hip hop, rap","Teenage Dream",2010-08-24,03:54,79,75,0,0,40,0,10,-4,C Major,4,2023-04-05,3f7gYMirBEKuc57218BjOY,"undefined",8B,USCA21001135
129,"Break Your Heart","Taio Cruz",64,122,"","The Rokstarr Hits Collection",2010-01-01,03:21,61,93,3,0,57,0,0,-4,D#/E♭ Major,4,2023-04-05,7ElF5zxOwYP4qVSWVvse3W,"undefined",5B,GBUM70908662
130,"Don't Stop The Music","Rihanna",78,123,"","Good Girl Gone Bad: Reloaded",2008-06-02,04:27,83,67,3,0,55,0,0,-6,F#/G♭ Minor,4,2023-04-05,0ByMNEPAPpOR5H69DVrTNy,"undefined",11A,USUM70734700
131,"Bolnavi Amandoi","Irina Rimes",46,117,"","Despre El",2017-10-20,03:35,72,58,20,0,22,0,10,-7,C♯/D♭ Minor,4,2023-04-09,5orCNJFvXE4WA4SoFKe9C1,"undefined",12A,FRX201733248
132,"How Do You Sleep?","Sam Smith",63,166,"soft pop","Love Goes",2020-10-30,03:22,56,69,15,0,36,0,0,-5,C♯/D♭ Minor,4,2023-04-28,34pRqzRiFcIuyRMuuEayzY,"undefined",12A,GBUM71902381
133,"Brother Louie - Remastered","Modern Talking",24,109,"disco din Italia, europop, eurodance","30",2014-10-03,03:41,75,90,26,1,81,0,20,-6,D#/E♭ Major,4,2023-05-13,4Hkq4aqN9HLF1A2ZS16UBv,"undefined",5B,DEC731400129
134,"Cheri Cheri Lady","Modern Talking",27,114,"disco din Italia, europop, eurodance","30",2014-10-03,03:45,68,81,38,1,85,0,40,-7,A#/B♭ Major,4,2023-05-13,5HOlyK1Tpj6cbhNTg72z3O,"undefined",6B,DEC731400130
135,"You're My Heart, You're My Soul - Remastered","Modern Talking",30,118,"disco din Italia, europop, eurodance","30",2014-10-03,03:19,78,78,3,1,84,0,0,-6,C♯/D♭ Minor,4,2023-05-13,5ixATJPpQWdy9uTNSYYDbh,"undefined",12A,DEC731400132
136,"Backseat of Your Cadillac - Single Version","C.C. Catch",25,124,"disco din Italia, dance din Italia, europop, hi-nrg","Greatest Hits",2018-10-05,03:22,70,86,4,0,96,0,0,-6,B Minor,4,2023-05-13,08ELdy0Y3kHX59SR5qy69z,"undefined",10A,DEH820500223
137,"Seven Nation Army","The White Stripes",79,124,"garage rock, blues rock, rock, rock alternativ","Elephant",2003-04-01,03:52,74,45,0,12,28,0,30,-8,E Minor,4,2023-05-13,3dPQuX8Gs42Y7b454ybpMR,"undefined",9A,USVT10300001
138,"You Shook Me All Night Long","AC/DC",77,127,"rock, hard rock, rock clasic, rock and roll","Back In Black",1980-07-25,03:30,53,77,0,0,76,0,30,-6,G Major,4,2023-05-13,2SiXAy7TuUkycRVbbWDEpo,"undefined",9B,AUAP08000047
139,"Paradise City","Guns N' Roses",76,100,"rock, glam metal, hard rock, rock clasic","Appetite For Destruction",1987-07-21,06:45,27,98,2,1,39,10,10,-6,B Major,4,2023-05-13,6eN1f9KNmiWEhpE2RhQqB5,"undefined",1B,USGF18714806
140,"All Along the Watchtower","Jimi Hendrix",70,113,"rock psihedelic, rock clasic, acid rock, blues rock","Electric Ladyland",1968-10-25,04:00,44,81,0,0,56,0,0,-6,G#/A♭ Major,4,2023-05-13,2aoo2jlRnM3A0NyLQqMN2f,"undefined",4B,USQX90900749
141,"Beggin'","Måneskin",78,134,"","Chosen",2017-12-08,03:31,71,80,13,0,59,0,30,-5,B Minor,4,2023-05-13,3Wrjm47oTz2sjIgck11l5e,"undefined",10A,ITB001700846
142,"CORALINE","Måneskin",65,162,"","Teatro d'ira - Vol. I",2021-03-19,05:00,36,68,3,0,32,10,30,-5,D Minor,4,2023-05-13,7HMz8o0m7ASQ3ImFPfhWTY,"undefined",7A,ITB002100113
143,"ZITTI E BUONI","Måneskin",67,103,"","Teatro d'ira - Vol. I",2021-03-19,03:14,63,94,0,0,64,0,40,-3,E Minor,4,2023-05-13,776AftMmFFAWUIEAb3lHhw,"undefined",9A,ITB002100112
144,"Dreams - 2004 Remaster","Fleetwood Mac",81,120,"rock clasic, soft rock","Rumours (Super Deluxe)",1977-02-04,04:17,83,49,6,0,79,0,10,-10,C Major,4,2023-05-13,0ofHAoxe9vBkTCp2UQIavz,"undefined",8B,USWB11301111
145,"Why'd You Only Call Me When You're High?","Arctic Monkeys",80,92,"indie, garage rock","AM",2013-09-09,02:41,69,63,5,0,80,0,10,-6,D Major,4,2023-05-13,086myS9r57YsLbJpU0TgK9,"undefined",10B,GBCEL1300370
146,"Sweater Weather","The Neighbourhood",86,124,"","I Love You.",2013-04-22,04:00,61,81,5,2,40,0,10,-3,A#/B♭ Major,4,2023-05-13,2QjOHCTQ1Jl3zawyYOpxh6,"undefined",6B,USSM11300080
147,"Boys Don't Cry","The Cure",72,169,"new wave, post-punk, dark wave","Three Imaginary Boys",1979-05-11,02:35,46,84,1,0,67,0,10,-6,B Minor,4,2023-05-13,1QFh8OH1e78dGd3VyJZCAC,"undefined",10A,GBALB7800001
148,"I WANNA BE YOUR SLAVE","Måneskin",76,133,"","Teatro d'ira - Vol. I",2021-03-19,02:53,75,61,0,0,96,0,10,-4,C♯/D♭ Major,4,2023-05-13,4pt5fDVTg5GhEvEtlz9dKk,"undefined",3B,ITB002100115
149,"Tainted Love","Soft Cell",74,144,"synthpop, new wave","Non-Stop Erotic Cabaret",1981-00-00,02:33,50,50,46,0,62,0,20,-8,C Minor,4,2023-05-13,0cGG2EouYCEEC3xfa0tDFV,"undefined",5A,GBF088100017
150,"Money, Money, Money","ABBA",66,121,"","Arrival",1976-00-00,03:06,79,70,54,0,65,0,0,-7,A Minor,4,2023-05-13,3lKN03PDeBnXZS7sDukRBt,"undefined",8A,SEAYD7601060
151,"Rasputin - Single Version","Boney M.",60,126,"disco","Fantastic Boney M.",1984-12-03,03:40,69,72,47,0,97,0,40,-13,F#/G♭ Minor,4,2023-05-13,67hbP9PFQZrb4XZc3TzB0s,"undefined",11A,DED167800002
152,"Supergirl","Reamonn",53,116,"","Tuesday",2000-01-01,04:06,66,52,14,1,38,0,0,-10,F#/G♭ Minor,4,2023-08-28,3FhNJaCNypOAnZccdYGAWN,"undefined",11A,DEG120000973
153,"Tonight","Reamonn",23,145,"","Eleven",2010-01-01,03:35,51,74,18,0,21,0,10,-5,E Minor,4,2023-08-28,6NJXIUeos06CvTakKzip45,"undefined",9A,DEUM71016257
154,"Poison Prince","Amy Macdonald",46,109,"","This Is The Life (eDeluxe)",2007-01-01,03:28,58,82,18,0,32,0,10,-5,C♯/D♭ Major,4,2023-08-28,3UjosM5JAiMOWldbeMkNLi,"undefined",3B,GBUM70700896
155,"BABY SAID","Måneskin",68,131,"","RUSH!",2023-01-20,02:44,62,72,0,0,61,0,0,-4,F#/G♭ Minor,4,2023-09-02,2KReCz1L5XkGIBhDncQ5VZ,"undefined",11A,ITB002200844
156,"TIMEZONE","Måneskin",57,75,"","RUSH!",2023-01-20,02:59,26,59,0,0,27,0,0,-4,C♯/D♭ Minor,3,2023-09-02,4Tbuh5q66Ygubei5Xru4jB,"undefined",12A,ITB002200842
157,"MARK CHAPMAN","Måneskin",47,173,"","RUSH!",2023-01-20,03:40,44,96,0,0,24,0,40,-2,E Minor,4,2023-09-02,1khwSRuqim7TyvlCD7WDyy,"undefined",9A,ITB002200851
158,"Dov'è l'amore","Cher",45,93,"","Believe",1998-00-00,04:18,67,81,33,0,60,0,10,-7,D Minor,4,2023-09-09,0pifkqN4kRVux0zXssE517,"undefined",7A,GBAHT9803036
159,"Lampa Arsa","Bosquito",19,135,"manele","Babylon",2014-08-29,03:39,85,60,14,0,85,0,0,-7,A Major,4,2023-09-18,0zredAIOWfV0ENyPk7IcIT,"undefined",11B,ROROT1421901
160,"Satelit","Bosquito",0,130,"manele","Satelit",2023-09-14,05:00,63,72,12,0,87,0,0,-7,C♯/D♭ Minor,4,2023-09-18,4TJVHclLr9rnfIlF1m1PWj,"undefined",12A,QZTAY2363087
161,"How Do You Sleep? - Acoustic","Sam Smith",42,82,"soft pop","How Do You Sleep? (Acoustic)",2019-08-16,03:25,58,28,62,0,52,0,10,-8,C♯/D♭ Minor,4,2023-10-21,2ZgUlizmH0VmOJzUwDchAf,"undefined",12A,GBUM71904154
162,"Two Princes","Spin Doctors",65,104,"","Pocket Full Of Kryptonite (Anniversary Edition)",1991-00-00,04:16,54,91,0,0,83,0,0,-11,G Major,4,2023-12-24,0cuq829zRNq4AEdmDJA4aw,"undefined",9B,USSM19000350
163,"The Middle","Jimmy Eat World",76,162,"emo, punk pop, emo pop","Bleed American",2001-07-17,02:45,64,85,4,0,90,0,0,-5,D Major,4,2023-12-24,6GG73Jik4jUlQCkKg9JuGO,"undefined",10B,USDW10110256
164,"Need You Tonight","INXS",69,109,"","Kick (Remastered 2011)",1987-00-00,03:01,80,63,4,57,79,0,0,-7,A#/B♭ Minor,4,2023-12-24,3h04eZTnmFLRMjZajbrp2R,"undefined",3A,GBAMX8700008
165,"Knee Socks","Arctic Monkeys",71,98,"indie, garage rock","AM",2013-09-09,04:17,67,54,12,0,59,0,30,-8,B Minor,4,2024-01-02,2LGdO5MtFdyphi2EihANZG,"undefined",10A,GBCEL1300372
166,"Arabella","Arctic Monkeys",71,180,"indie, garage rock","AM",2013-09-09,03:27,58,56,2,0,51,0,20,-7,D Major,4,2024-01-02,7nzsY8vlnKdvGOEE0rjAXZ,"undefined",10B,GBCEL1300365
167,"Snap Out Of It","Arctic Monkeys",74,130,"indie, garage rock","AM",2013-09-09,03:13,73,64,25,0,87,0,10,-6,F Minor,4,2024-01-02,0NdTUS4UiNYCNn5FgVqKQY,"undefined",4A,GBCEL1300371
168,"R U Mine?","Arctic Monkeys",76,97,"indie, garage rock","AM",2013-09-09,03:21,29,76,1,0,62,0,30,-6,F#/G♭ Minor,4,2024-01-02,2AT8iROs4FQueDv2c8q2KE,"undefined",11A,GBCEL1300363
169,"Bad Romance","Lady Gaga",79,119,"art pop, pop","The Fame Monster (Deluxe Edition)",2009-11-05,04:54,70,92,0,0,71,0,0,-4,C Major,4,2024-01-02,0SiywuOBRcynK0uKGWdCnn,"undefined",8B,USUM70918596
170,"Poker Face","Lady Gaga",79,119,"art pop, pop","The Fame",2008-01-01,03:57,85,81,12,0,77,0,10,-5,E Major,4,2024-01-02,1QV6tiMFM6fSOKOGLMHYYg,"undefined",12B,USUM70824409
171,"The Ketchup Song (Aserejé) - Spanglish Version","Las Ketchup",62,185,"","Hijas del Tomate",2002-00-00,03:33,61,92,2,0,87,0,0,-7,C♯/D♭ Major,4,2024-01-02,6UEfyhyfhYQsyipxOd95Ie,"undefined",3B,ES5110204224
172,"YMCA","Village People",64,126,"disco","Can't Stop the Music (Original Soundtrack 1980)",1980-00-00,03:22,74,70,19,0,84,0,10,-8,F#/G♭ Major,3,2024-01-02,3ypMsqUwfNFMiooMLVHfkp,"undefined",2B,FR22F8000020
173,"What About Us","P!nk",70,114,"","Beautiful Trauma",2017-10-13,04:29,49,59,3,0,19,0,0,-6,C♯/D♭ Major,4,2024-01-02,0Qh38w01QRXK6KHIv0e3hb,"undefined",3B,USRC11701586
174,"Somewhere Only We Know","Keane",80,172,"","Hopes And Fears",2004-05-10,03:57,45,67,6,0,30,0,0,-4,A Major,4,2024-01-02,1SKPmfSYaPsETbRHaiA18G,"undefined",11B,GBAAN0300664
175,"Movement","Hozier",62,144,"","Wasteland, Baby!",2019-03-01,03:57,38,50,16,0,15,0,0,-6,C♯/D♭ Minor,4,2024-01-02,0SFq19lgG4qbQAZaNZ3xhO,"undefined",12A,IEACJ1800083
176,"Eat Your Young","Hozier",61,90,"","Unreal Unearth",2023-08-18,04:03,55,60,36,7,32,0,20,-6,G Minor,4,2024-01-02,3hbKcj640iYmPQgecainOr,"undefined",6A,IEACJ2300020
177,"Someone New","Hozier",69,184,"","Hozier",2014-09-19,03:42,44,54,41,0,59,0,20,-6,G Major,4,2024-01-02,22sS7JkzeVeq4vOPCB6Fbj,"undefined",9B,IEACJ1400143
178,"Like Real People Do","Hozier",65,70,"","Hozier",2014-09-19,03:18,57,18,91,38,13,0,10,-14,G Major,3,2024-01-02,4LGJ2pLDvTRnul3EcZoYkX,"undefined",9B,IEACJ1400147
179,"Another One Bites The Dust - Remastered 2011","Queen",76,110,"rock clasic, rock, glam rock","The Game (2011 Remaster)",1980-06-27,03:34,93,53,11,31,75,10,10,-6,F Minor,4,2024-01-02,5vdp5UmvTsnMEMESIF2Ym7,"undefined",4A,GBUM71029605
180,"Don't Stop Me Now - Remastered 2011","Queen",77,156,"rock clasic, rock, glam rock","Jazz (2011 Remaster)",1978-11-10,03:29,56,87,5,0,61,10,70,-5,F Major,4,2024-01-02,5T8EDUDqKcs6OSOwEsfqG7,"undefined",7B,GBUM71029610
181,"Hotel California - 2013 Remaster","Eagles",79,147,"rock clasic, soft rock","Hotel California (2013 Remaster)",1976-12-08,06:31,58,51,1,0,61,0,0,-9,D Major,4,2024-01-02,40riOy7x9W7GXjyGp4pjAv,"undefined",10B,USEE11300353
182,"The Winner Takes It All","ABBA",72,126,"","Super Trouper",1980-00-00,04:54,45,79,57,0,52,0,0,-7,F#/G♭ Major,4,2024-01-02,3oEkrIfXfSh9zGnE7eBzSV,"undefined",2B,SEAYD8001020
183,"Starman - 2012 Remaster","David Bowie",72,100,"glam rock, art rock","The Rise and Fall of Ziggy Stardust and the Spiders from Mars (2012 Remaster)",1972-06-06,04:14,49,45,17,0,55,0,50,-10,F Major,4,2024-01-02,0pQskrTITgmCMyr85tb9qq,"undefined",7B,USJT11200004
184,"Killer Queen - Remastered 2011","Queen",68,117,"rock clasic, rock, glam rock","Sheer Heart Attack (Deluxe Edition 2011 Remaster)",1974-11-08,02:59,54,65,39,0,61,0,10,-6,A#/B♭ Major,4,2024-01-02,4cIPLtg1avt2Jm3ne9S1zy,"undefined",6B,GBUM71029606
185,"Daddy Cool","Boney M.",69,124,"disco","Take The Heat Off Me",1976-00-00,03:28,76,78,28,79,93,0,10,-7,F Minor,4,2024-01-02,3WMbD1OyfKuwWDWMNbPQ4g,"undefined",4A,DEC737600002
186,"The Chain - 2004 Remaster","Fleetwood Mac",78,152,"rock clasic, soft rock","Rumours (Super Deluxe)",1977-02-04,04:30,55,67,1,0,48,0,0,-9,A Major,4,2024-01-02,5e9TFTbltYBg2xThimr0rU,"undefined",11B,USWB11301116
187,"Lemon Tree","Fools Garden",71,143,"","Dish of the Day",1995-01-01,03:11,66,48,64,0,64,0,10,-9,C♯/D♭ Major,4,2024-01-02,2epbL7s3RFV81K5UhTgZje,"undefined",3B,DEAF70927221
188,"Somebody Told Me","The Killers",76,138,"rock alternativ","Hot Fuss",2004-00-00,03:17,50,97,0,0,69,0,10,-5,A#/B♭ Minor,4,2024-01-02,6PwjJ58I4t7Mae9xfZ9l9v,"undefined",3A,USIR20400195
189,"Roxanne","The Police",74,134,"","Outlandos D'Amour (Remastered 2003)",1978-11-02,03:11,62,75,4,0,66,30,0,-9,C Major,4,2024-01-02,3EYOJ48Et32uATr9ZmLnAo,"undefined",8B,GBAAM0201086
190,"Message In A Bottle","The Police",73,151,"","Reggatta De Blanc (Remastered 2003)",1979-10-02,04:50,58,81,3,0,87,0,20,-7,C♯/D♭ Minor,4,2024-01-02,1oYYd2gnWZYrt89EBXdFiO,"undefined",12A,GBAAM0201170
191,"Here Comes The Sun - Remastered 2009","The Beatles",78,129,"rock clasic, rock psihedelic","Abbey Road (Remastered)",1969-09-26,03:05,56,54,3,0,39,0,10,-10,A Major,4,2024-01-02,6dGnYIeXmHdcikdzNNDMm2,"undefined",11B,GBAYE0601696
192,"How You Remind Me","Nickelback",80,172,"post-grunge, rock","Silver Side Up",2001-09-11,03:43,45,76,0,0,54,0,10,-5,A#/B♭ Major,4,2024-01-02,0gmbgwZ8iqyMPmXefof8Yf,"undefined",6B,NLA320119533
193,"Back In Black","AC/DC",79,188,"rock, hard rock, rock clasic, rock and roll","Back In Black",1980-07-25,04:15,31,70,1,1,76,0,0,-6,A Major,4,2024-01-02,08mG3Y1vljYA6bvDt4Wqkj,"undefined",11B,AUAP08000046
194,"Lay All Your Love On Me","ABBA",73,133,"","Super Trouper",1980-00-00,04:34,68,73,12,0,71,0,30,-8,D Minor,4,2024-01-02,4euAGZTszWPrriggYK0HG9,"undefined",7A,SEAYD8001090
195,"The Best","Tina Turner",68,104,"","Foreign Affair",1989-09-13,05:29,66,74,11,2,74,0,10,-10,C Major,4,2024-01-02,6pPWRBubXOBAHnjl5ZIujB,"undefined",8B,USCA28900109
196,"Rehab","Amy Winehouse",69,72,"","Back To Black (Deluxe Edition)",2006-00-00,03:34,41,56,5,0,78,0,30,-14,C Major,4,2024-01-02,3N4DI1vuTSX1tz7fa2NQZw,"undefined",8B,GBUM70603730
197,"Friday I'm In Love","The Cure",41,136,"new wave, post-punk, dark wave","Greatest Hits",2001-01-01,03:34,55,95,0,0,46,0,30,-4,G Minor,4,2024-01-02,0lxt6J01WBpovNFVF87Yqa,"undefined",6A,GBALB9200002
198,"You Know I'm No Good","Amy Winehouse",71,103,"","Back To Black (Deluxe Edition)",2006-00-00,04:17,69,50,1,0,80,0,0,-14,A Major,4,2024-02-08,0DMRKqrpd0QO4RWiEdMib0,"undefined",11B,GBUM70603488
199,"One Last Time","LP",38,112,"","Churches",2021-12-03,03:13,53,76,10,0,43,0,10,-8,G#/A♭ Minor,4,2024-03-02,3Yr7P9agDOwYOWjJVHd5oi,"undefined",1A,QM24S2101051
200,"Churches","LP",19,103,"","Churches",2021-12-03,03:13,48,28,70,0,30,0,10,-10,C Minor,4,2024-03-02,0ab9FImfiF2IpTlW8yU0zV,"undefined",5A,QM24S2103527
201,"Shaken","LP",44,152,"","Heart to Mouth",2018-12-07,03:45,65,83,6,0,56,10,10,-4,G Minor,4,2024-03-02,4YIJ4utbwfduN8zlIDD7PV,"undefined",6A,QMRSZ1802047
202,"Dreamcatcher","LP",27,80,"","Heart to Mouth",2018-12-07,03:15,45,67,7,0,22,0,20,-8,A Minor,4,2024-03-02,3wtM7otNDdtLzI33aQ51Td,"undefined",8A,QMRSZ1802039
203,"One Like You","LP",46,118,"","Love Lines",2023-09-29,03:41,67,64,11,1,59,0,10,-8,C♯/D♭ Major,4,2024-03-02,4AKxFYKasB3lbakwXLkQWy,"undefined",3B,QMRSZ2300575
204,"Rasputin","Boney M.",64,126,"disco","Daddy Cool",1994-03-14,03:40,69,75,46,0,97,0,60,-11,F#/G♭ Minor,4,2024-03-02,5lWSa1rmuSL6OBPOnkAqoa,"undefined",11A,DED160000010
205,"Bosquito","Bosquito",33,108,"manele","Bosquito",2000-01-01,03:17,65,66,22,0,54,0,10,-7,C♯/D♭ Minor,4,2024-03-02,51qKCaUkJjok85o9qBBt2I,"undefined",12A,ROCRP1001860
206,"Intuneric in culori","Bosquito",34,141,"manele","Babylon",2014-00-00,03:59,71,83,57,0,66,0,0,-5,A#/B♭ Minor,4,2024-03-02,3LEpJtfpt9X8zfbLMJWg4z,"undefined",3A,ROROT1208601
207,"Oops!...I Did It Again","Britney Spears",76,95,"pop","Oops!... I Did It Again",2000-05-16,03:31,75,83,30,0,89,0,30,-5,C♯/D♭ Minor,4,2024-03-02,6naxalmIoLFWR0siv8dnQQ,"undefined",12A,USJI10000100
208,"Cigarette Daydreams","Cage The Elephant",76,114,"rock modern","Melophobia",2013-10-08,03:28,64,68,8,0,27,0,0,-3,D Major,4,2024-03-02,2tznHmp70DxMyr2XhWLOW0,"undefined",10B,USRC11301169
209,"Promises (with Sam Smith)","Calvin Harris,Sam Smith",0,123,"EDM, soft pop","Love Goes",2020-10-30,03:33,78,77,1,0,49,0,30,-6,B Major,4,2024-03-02,7292H279xDh84LDo5BePPi,"undefined",1B,GBARL1801049
210,"Viva La Vida","Coldplay",83,138,"","Viva La Vida or Death and All His Friends",2008-06-06,04:02,49,62,10,0,42,0,10,-7,F Minor,4,2024-03-02,1mea3bSkSGXuIRvnydlB5b,"undefined",4A,GBAYE0800265
211,"No Face No Name No Number","Modern Talking",41,118,"disco din Italia, europop, eurodance","25 Years Of Disco-Pop",2010-01-25,03:58,74,95,23,0,79,0,0,-5,C Major,4,2024-03-02,5sme4UZhtlNUjwmFgFkyfi,"undefined",8B,DEC739900900
212,"Emperor's New Clothes","Panic! At The Disco",62,94,"emo","Death of a Bachelor",2016-01-15,02:38,56,90,0,0,65,0,0,-5,C♯/D♭ Major,4,2024-03-02,3px2rAPu74ltbkf9eZsZ8h,"undefined",3B,USAT21503476
214,"High Hopes","Panic! At The Disco",75,82,"emo","Pray for the Wicked",2018-06-22,03:10,58,90,19,0,68,0,0,-3,F Major,4,2024-03-02,1rqqCSm0Qe4I9rUvWncaom,"undefined",7B,USAT21801174
215,"Collar Full","Panic! At The Disco",48,170,"emo","Too Weird to Live, Too Rare to Die!",2013-10-04,03:18,53,94,0,0,62,0,0,-5,D Major,4,2024-03-02,1zN3CZlafjfEiMR9uXQGrW,"undefined",10B,USAT21302387
216,"Hit the Road Jack","Ray Charles",66,173,"jazz blues, soul, soul blues, blues, jazz vocal","True Genius",2021-09-10,01:59,60,57,70,0,96,10,50,-13,G#/A♭ Minor,4,2024-03-02,5dUMh0ugelpKfoFp3qChuK,"undefined",1A,QZR8K2111005
217,"Call Me","Blondie",69,143,"","Atomic/Atomix",1999-01-01,03:32,56,82,0,0,74,0,0,-7,D Minor,4,2024-03-02,4qO03RMQm88DdpTJcxlglY,"undefined",7A,USCH38900008
218,"Maniac - From  Flashdance ","Michael Sembello",57,158,"","ドライブが楽しくなる洋楽ヒッツ！80年代 DANCE",2023-07-01,04:06,61,76,4,0,83,0,0,-6,D#/E♭ Minor,4,2024-03-02,0Q6mJSyGsUmg9WXgOcOf7A,"undefined",2A,USPR38302462
219,"Too Sweet","Hozier",74,117,"","Unheard",2024-03-22,04:11,74,62,3,0,93,0,0,-6,A#/B♭ Major,4,2024-04-05,3HMY0r2BAdpasXMY8rseR0,"undefined",6B,IEACJ2300335